{
    "image_id": "Tarnaveni_09-05-2025_square1",
    "prediction_id": "p6",
    "experiment_run_id_of_model": "20250612_222849_seed42",
    "image_user_source_path": "images/eugen/Tarnaveni_09-05-2025_square1.jpg",
    "probabilities": [
        0.0033395292703062296,
        0.0022833654657006264,
        0.0010333674727007747,
        0.04996104910969734,
        0.004870622418820858,
        0.9385120868682861
    ],
    "predicted_class_idx": 5,
    "predicted_class_name": "F-Veil Clouds",
    "confidence": 0.9385120868682861,
    "top_k_predictions_for_plot": [
        [
            "F-Veil Clouds",
            0.9385120868682861
        ],
        [
            "D-Thick White Clouds",
            0.04996104910969734
        ],
        [
            "E-Thick Dark Clouds",
            0.004870622418820858
        ],
        [
            "A-Clear Sky",
            0.0033395292703062296
        ],
        [
            "B-Patterned Clouds",
            0.0022833654657006264
        ],
        [
            "C-Thin White Clouds",
            0.0010333674727007747
        ]
    ],
    "lime_explanation": {
        "explained_class_idx": 5,
        "explained_class_name": "F-Veil Clouds",
        "feature_weights": [
            [
                77,
                0.15727621398213135
            ],
            [
                37,
                0.08747209520293373
            ],
            [
                55,
                0.08132769940896764
            ],
            [
                96,
                0.07306532630978406
            ],
            [
                71,
                -0.07262464036877432
            ],
            [
                78,
                0.058943853163983186
            ],
            [
                74,
                0.0579170758591742
            ],
            [
                90,
                0.05284627451921052
            ],
            [
                101,
                0.05160390608420903
            ],
            [
                81,
                -0.05098348542615753
            ],
            [
                109,
                0.049410660593567426
            ],
            [
                47,
                -0.045758069314698384
            ],
            [
                63,
                -0.044923978998648494
            ],
            [
                24,
                0.044283784296688375
            ],
            [
                91,
                -0.04385971434764603
            ],
            [
                35,
                0.04353870566555175
            ],
            [
                115,
                0.036774292626851036
            ],
            [
                40,
                -0.03623432672435581
            ],
            [
                53,
                0.023786098209176536
            ],
            [
                95,
                0.02356041046625561
            ]
        ],
        "num_features_from_lime_run": 20
    }
}