{
    "image_id": "TG Mures_25-05-2025_square",
    "prediction_id": "p1",
    "experiment_run_id_of_model": "20250612_222849_seed42",
    "image_user_source_path": "images/eugen/TG Mures_25-05-2025_square.jpg",
    "probabilities": [
        3.656524859252386e-05,
        2.7200181648368016e-05,
        5.0496098992880434e-05,
        0.0013521576765924692,
        0.0006006229086779058,
        0.9979329109191895
    ],
    "predicted_class_idx": 5,
    "predicted_class_name": "F-Veil Clouds",
    "confidence": 0.9979329109191895,
    "top_k_predictions_for_plot": [
        [
            "F-Veil Clouds",
            0.9979329109191895
        ],
        [
            "D-Thick White Clouds",
            0.0013521576765924692
        ],
        [
            "E-Thick Dark Clouds",
            0.0006006229086779058
        ],
        [
            "C-Thin White Clouds",
            5.0496098992880434e-05
        ],
        [
            "A-Clear Sky",
            3.656524859252386e-05
        ],
        [
            "B-Patterned Clouds",
            2.7200181648368016e-05
        ]
    ],
    "lime_explanation": {
        "explained_class_idx": 5,
        "explained_class_name": "F-Veil Clouds",
        "feature_weights": [
            [
                61,
                0.1422225752209763
            ],
            [
                49,
                0.12233381111424196
            ],
            [
                118,
                0.11145657758239924
            ],
            [
                42,
                0.10966303902798447
            ],
            [
                0,
                0.0885201507479674
            ],
            [
                71,
                0.08781853203916877
            ],
            [
                78,
                0.08714686321387505
            ],
            [
                19,
                0.07897260184590525
            ],
            [
                31,
                0.06992584875486448
            ],
            [
                81,
                -0.06549925146559545
            ],
            [
                63,
                0.06345184912225708
            ],
            [
                60,
                0.05970121789864937
            ],
            [
                37,
                0.05643771008392412
            ],
            [
                9,
                -0.0532337025265085
            ],
            [
                101,
                0.04528903892885243
            ],
            [
                20,
                -0.04261310544949897
            ],
            [
                35,
                -0.036905132473170205
            ],
            [
                74,
                -0.028908948852498194
            ],
            [
                3,
                -0.02780844054530316
            ],
            [
                18,
                -0.01177913105399474
            ]
        ],
        "num_features_from_lime_run": 20
    }
}