{
    "image_id": "TG Mures_25-05-2025_square",
    "prediction_id": "p1",
    "experiment_run_id_of_model": "20250612_202803_seed42",
    "image_user_source_path": "images/eugen/TG Mures_25-05-2025_square.jpg",
    "probabilities": [
        0.07344894111156464,
        0.4617795944213867,
        0.0025027035735547543,
        0.05760601535439491,
        0.003505373140797019,
        0.03875288367271423,
        0.014771166257560253,
        0.01925133727490902,
        0.21919839084148407,
        0.0150573356077075,
        0.09412629157304764
    ],
    "predicted_class_idx": 1,
    "predicted_class_name": "As",
    "confidence": 0.4617795944213867,
    "top_k_predictions_for_plot": [
        [
            "As",
            0.4617795944213867
        ],
        [
            "Ns",
            0.21919839084148407
        ],
        [
            "St",
            0.09412629157304764
        ],
        [
            "Ac",
            0.07344894111156464
        ],
        [
            "Cc",
            0.05760601535439491
        ],
        [
            "Cs",
            0.03875288367271423
        ],
        [
            "Cu",
            0.01925133727490902
        ],
        [
            "Sc",
            0.0150573356077075
        ],
        [
            "Ct",
            0.014771166257560253
        ],
        [
            "Ci",
            0.003505373140797019
        ],
        [
            "Cb",
            0.0025027035735547543
        ]
    ],
    "lime_explanation": {
        "explained_class_idx": 1,
        "explained_class_name": "As",
        "feature_weights": [
            [
                118,
                -0.027071404941817704
            ],
            [
                66,
                0.020681403495474048
            ],
            [
                90,
                0.01969422955919425
            ],
            [
                80,
                0.018846808427100403
            ],
            [
                27,
                0.018343860751590776
            ],
            [
                116,
                -0.018303316357845236
            ],
            [
                0,
                0.016391420121876728
            ],
            [
                117,
                -0.01636182747852589
            ],
            [
                47,
                -0.014988269236294404
            ],
            [
                56,
                -0.013691925181558604
            ],
            [
                76,
                0.012492069962667739
            ],
            [
                67,
                0.012109267621707283
            ],
            [
                17,
                0.010003179363878529
            ],
            [
                33,
                -0.009729674143075346
            ],
            [
                63,
                0.009390560779269919
            ],
            [
                93,
                -0.008813938155899715
            ],
            [
                115,
                -0.008784014553628572
            ],
            [
                23,
                0.007564712086254719
            ],
            [
                14,
                -0.005081024666760664
            ],
            [
                40,
                0.004635725047683123
            ]
        ],
        "num_features_from_lime_run": 20
    }
}