{
    "image_id": "Tarnaveni_09-05-2025_square1",
    "prediction_id": "p6",
    "experiment_run_id_of_model": "20250612_202803_seed42",
    "image_user_source_path": "images/eugen/Tarnaveni_09-05-2025_square1.jpg",
    "probabilities": [
        0.03590122237801552,
        0.24958233535289764,
        0.1538531333208084,
        0.07376034557819366,
        0.06172716245055199,
        0.0725741907954216,
        0.1564340889453888,
        0.009282903745770454,
        0.09373775869607925,
        0.057341497391462326,
        0.03580532968044281
    ],
    "predicted_class_idx": 1,
    "predicted_class_name": "As",
    "confidence": 0.24958233535289764,
    "top_k_predictions_for_plot": [
        [
            "As",
            0.24958233535289764
        ],
        [
            "Ct",
            0.1564340889453888
        ],
        [
            "Cb",
            0.1538531333208084
        ],
        [
            "Ns",
            0.09373775869607925
        ],
        [
            "Cc",
            0.07376034557819366
        ],
        [
            "Cs",
            0.0725741907954216
        ],
        [
            "Ci",
            0.06172716245055199
        ],
        [
            "Sc",
            0.057341497391462326
        ],
        [
            "Ac",
            0.03590122237801552
        ],
        [
            "St",
            0.03580532968044281
        ],
        [
            "Cu",
            0.009282903745770454
        ]
    ],
    "lime_explanation": {
        "explained_class_idx": 1,
        "explained_class_name": "As",
        "feature_weights": [
            [
                111,
                -0.04948070968269118
            ],
            [
                22,
                0.026002010427560562
            ],
            [
                87,
                -0.021633040752516045
            ],
            [
                106,
                -0.02112910705800424
            ],
            [
                113,
                -0.02062152616734802
            ],
            [
                77,
                -0.019826637338258808
            ],
            [
                47,
                0.017124659850978344
            ],
            [
                78,
                -0.016566007733159013
            ],
            [
                108,
                0.014987001365732416
            ],
            [
                117,
                -0.014753409784741316
            ],
            [
                9,
                0.014741699902002308
            ],
            [
                102,
                -0.014735986544028
            ],
            [
                119,
                -0.014312392625470407
            ],
            [
                33,
                0.013193169967812262
            ],
            [
                101,
                -0.013127126369130167
            ],
            [
                94,
                -0.010418947219397309
            ],
            [
                19,
                0.010256070335629641
            ],
            [
                40,
                0.00872074148881002
            ],
            [
                65,
                0.008189773449803699
            ],
            [
                48,
                -0.0075324154477856495
            ]
        ],
        "num_features_from_lime_run": 20
    }
}