{
    "image_id": "Brasov_19-05-2025_square",
    "prediction_id": "p3",
    "experiment_run_id_of_model": "20250612_222849_seed42",
    "image_user_source_path": "images/eugen/Brasov_19-05-2025_square.png",
    "probabilities": [
        0.00021318835206329823,
        0.00020230286463629454,
        0.00019730563508346677,
        0.0312524177134037,
        0.0012149065732955933,
        0.9669199585914612
    ],
    "predicted_class_idx": 5,
    "predicted_class_name": "F-Veil Clouds",
    "confidence": 0.9669199585914612,
    "top_k_predictions_for_plot": [
        [
            "F-Veil Clouds",
            0.9669199585914612
        ],
        [
            "D-Thick White Clouds",
            0.0312524177134037
        ],
        [
            "E-Thick Dark Clouds",
            0.0012149065732955933
        ],
        [
            "A-Clear Sky",
            0.00021318835206329823
        ],
        [
            "B-Patterned Clouds",
            0.00020230286463629454
        ],
        [
            "C-Thin White Clouds",
            0.00019730563508346677
        ]
    ],
    "lime_explanation": {
        "explained_class_idx": 5,
        "explained_class_name": "F-Veil Clouds",
        "feature_weights": [
            [
                115,
                0.10168780358454711
            ],
            [
                116,
                0.09925859570498201
            ],
            [
                111,
                0.09228897239591957
            ],
            [
                112,
                0.08531372649296802
            ],
            [
                19,
                0.07658566451456002
            ],
            [
                109,
                0.07178275029046487
            ],
            [
                51,
                -0.07170942013752864
            ],
            [
                114,
                0.06489242424139825
            ],
            [
                63,
                0.06452129174877344
            ],
            [
                40,
                0.06282922305123449
            ],
            [
                68,
                -0.058925539239078256
            ],
            [
                35,
                -0.05500695907546314
            ],
            [
                15,
                -0.052621087269288554
            ],
            [
                31,
                0.051606334023532416
            ],
            [
                6,
                0.0479973903159816
            ],
            [
                5,
                0.04732620910856878
            ],
            [
                54,
                0.04202107455482424
            ],
            [
                41,
                0.032785379394475636
            ],
            [
                43,
                -0.02442959854306766
            ],
            [
                32,
                -0.012217587794906818
            ]
        ],
        "num_features_from_lime_run": 20
    }
}