{
    "image_id": "tarnaveni 17-08",
    "prediction_id": "p9",
    "experiment_run_id_of_model": "20250612_234618_seed42",
    "image_user_source_path": "images/eugen2/tarnaveni 17-08.png",
    "probabilities": [
        0.03432033210992813,
        0.08663630485534668,
        0.062309782952070236,
        0.046366166323423386,
        0.4128350615501404,
        0.3443152606487274,
        0.013217085041105747
    ],
    "predicted_class_idx": 4,
    "predicted_class_name": "5_stratocumulus",
    "confidence": 0.4128350615501404,
    "top_k_predictions_for_plot": [
        [
            "5_stratocumulus",
            0.4128350615501404
        ],
        [
            "6_cumulonimbus",
            0.3443152606487274
        ],
        [
            "2_altocumulus",
            0.08663630485534668
        ],
        [
            "3_cirrus",
            0.062309782952070236
        ],
        [
            "4_clearsky",
            0.046366166323423386
        ],
        [
            "1_cumulus",
            0.03432033210992813
        ],
        [
            "7_mixed",
            0.013217085041105747
        ]
    ],
    "lime_explanation": {
        "explained_class_idx": 4,
        "explained_class_name": "5_stratocumulus",
        "feature_weights": [
            [
                34,
                0.04761162362353921
            ],
            [
                55,
                -0.045025628187966855
            ],
            [
                64,
                0.04168400815024986
            ],
            [
                51,
                -0.03483719695187319
            ],
            [
                0,
                0.02691748415069271
            ],
            [
                143,
                -0.023311229250473582
            ],
            [
                84,
                0.021349314577618808
            ],
            [
                50,
                0.02086213407831943
            ],
            [
                135,
                0.018688024155484782
            ],
            [
                79,
                0.0184301537853806
            ],
            [
                132,
                -0.017723563668236908
            ],
            [
                52,
                0.01714884358656142
            ],
            [
                113,
                0.016681062386127193
            ],
            [
                144,
                -0.015115643626498719
            ],
            [
                91,
                -0.011730196310895506
            ],
            [
                72,
                -0.011521373602659934
            ],
            [
                19,
                0.007804664842425848
            ],
            [
                13,
                0.0072743874222435945
            ],
            [
                17,
                -0.006507661277696654
            ],
            [
                59,
                -0.003809661037463153
            ]
        ],
        "num_features_from_lime_run": 20
    }
}