{
    "image_id": "Brasov_18-05-2025_square",
    "prediction_id": "p2",
    "experiment_run_id_of_model": "20250612_202803_seed42",
    "image_user_source_path": "images/eugen/Brasov_18-05-2025_square.png",
    "probabilities": [
        0.014406033791601658,
        0.09571266174316406,
        0.03337058797478676,
        0.024983493611216545,
        0.07827207446098328,
        0.3012358546257019,
        0.01567443460226059,
        0.1257713884115219,
        0.026706373319029808,
        0.10679259151220322,
        0.17707444727420807
    ],
    "predicted_class_idx": 5,
    "predicted_class_name": "Cs",
    "confidence": 0.3012358546257019,
    "top_k_predictions_for_plot": [
        [
            "Cs",
            0.3012358546257019
        ],
        [
            "St",
            0.17707444727420807
        ],
        [
            "Cu",
            0.1257713884115219
        ],
        [
            "Sc",
            0.10679259151220322
        ],
        [
            "As",
            0.09571266174316406
        ],
        [
            "Ci",
            0.07827207446098328
        ],
        [
            "Cb",
            0.03337058797478676
        ],
        [
            "Ns",
            0.026706373319029808
        ],
        [
            "Cc",
            0.024983493611216545
        ],
        [
            "Ct",
            0.01567443460226059
        ],
        [
            "Ac",
            0.014406033791601658
        ]
    ],
    "lime_explanation": {
        "explained_class_idx": 5,
        "explained_class_name": "Cs",
        "feature_weights": [
            [
                102,
                0.11133816384674441
            ],
            [
                83,
                -0.0749163791325957
            ],
            [
                109,
                -0.05499836598872198
            ],
            [
                106,
                -0.04984099381185725
            ],
            [
                82,
                -0.047748937948455666
            ],
            [
                2,
                -0.047330637021587865
            ],
            [
                91,
                -0.04570141891315488
            ],
            [
                74,
                0.0433000339323188
            ],
            [
                29,
                -0.0420247776511273
            ],
            [
                60,
                0.03633861565373516
            ],
            [
                37,
                0.036313044540309564
            ],
            [
                72,
                -0.03609193845649345
            ],
            [
                87,
                -0.03327046902386426
            ],
            [
                73,
                -0.03284431158333237
            ],
            [
                0,
                0.03157192163226814
            ],
            [
                30,
                -0.0310241735366854
            ],
            [
                96,
                0.02476574190218929
            ],
            [
                49,
                -0.02232056662317013
            ],
            [
                81,
                -0.016752600431611194
            ],
            [
                34,
                0.0089767082980136
            ]
        ],
        "num_features_from_lime_run": 20
    }
}