{
    "image_id": "Tarnaveni_05-05-2025",
    "prediction_id": "p5",
    "experiment_run_id_of_model": "20250612_222849_seed42",
    "image_user_source_path": "images/eugen/Tarnaveni_05-05-2025.jpg",
    "probabilities": [
        0.021505290642380714,
        0.00934434961527586,
        0.014926467090845108,
        0.048870865255594254,
        0.028213823214173317,
        0.8771392703056335
    ],
    "predicted_class_idx": 5,
    "predicted_class_name": "F-Veil Clouds",
    "confidence": 0.8771392703056335,
    "top_k_predictions_for_plot": [
        [
            "F-Veil Clouds",
            0.8771392703056335
        ],
        [
            "D-Thick White Clouds",
            0.048870865255594254
        ],
        [
            "E-Thick Dark Clouds",
            0.028213823214173317
        ],
        [
            "A-Clear Sky",
            0.021505290642380714
        ],
        [
            "C-Thin White Clouds",
            0.014926467090845108
        ],
        [
            "B-Patterned Clouds",
            0.00934434961527586
        ]
    ],
    "lime_explanation": {
        "explained_class_idx": 5,
        "explained_class_name": "F-Veil Clouds",
        "feature_weights": [
            [
                90,
                0.12276746531670171
            ],
            [
                32,
                0.0957464381065938
            ],
            [
                121,
                0.07394131270284741
            ],
            [
                126,
                0.0680951562542118
            ],
            [
                100,
                0.06645478969705401
            ],
            [
                86,
                0.06640243599939799
            ],
            [
                71,
                -0.06614623607638506
            ],
            [
                102,
                -0.0594324866684578
            ],
            [
                5,
                -0.058997043563485556
            ],
            [
                30,
                0.05583624958081456
            ],
            [
                70,
                0.05227346081486625
            ],
            [
                80,
                0.049159693167137315
            ],
            [
                50,
                -0.04715098201095382
            ],
            [
                95,
                0.0470141773618847
            ],
            [
                43,
                -0.041869688589822075
            ],
            [
                35,
                0.0354645426566553
            ],
            [
                81,
                0.03526283786531684
            ],
            [
                74,
                -0.035156785543754926
            ],
            [
                69,
                -0.0171839124599496
            ],
            [
                22,
                -0.009818487122680342
            ]
        ],
        "num_features_from_lime_run": 20
    }
}