{
    "image_id": "Brasov_18-05-2025_square",
    "prediction_id": "p2",
    "experiment_run_id_of_model": "20250612_222849_seed42",
    "image_user_source_path": "images/eugen/Brasov_18-05-2025_square.png",
    "probabilities": [
        0.000591027142945677,
        0.0002707266539800912,
        0.01908504031598568,
        0.29842811822891235,
        0.001385176437906921,
        0.6802398562431335
    ],
    "predicted_class_idx": 5,
    "predicted_class_name": "F-Veil Clouds",
    "confidence": 0.6802398562431335,
    "top_k_predictions_for_plot": [
        [
            "F-Veil Clouds",
            0.6802398562431335
        ],
        [
            "D-Thick White Clouds",
            0.29842811822891235
        ],
        [
            "C-Thin White Clouds",
            0.01908504031598568
        ],
        [
            "E-Thick Dark Clouds",
            0.001385176437906921
        ],
        [
            "A-Clear Sky",
            0.000591027142945677
        ],
        [
            "B-Patterned Clouds",
            0.0002707266539800912
        ]
    ],
    "lime_explanation": {
        "explained_class_idx": 5,
        "explained_class_name": "F-Veil Clouds",
        "feature_weights": [
            [
                102,
                0.0760822976877471
            ],
            [
                109,
                -0.0702187691922643
            ],
            [
                2,
                -0.04669075739248278
            ],
            [
                103,
                0.04481099645173537
            ],
            [
                61,
                0.04163607766552423
            ],
            [
                68,
                0.03557329769332607
            ],
            [
                91,
                -0.03387490570855605
            ],
            [
                1,
                0.030792404529484802
            ],
            [
                106,
                -0.03043309231682916
            ],
            [
                27,
                -0.028976910451604648
            ],
            [
                15,
                0.026900706104216795
            ],
            [
                53,
                0.025902039230657505
            ],
            [
                3,
                -0.02289929304347655
            ],
            [
                81,
                -0.020573009846652727
            ],
            [
                16,
                0.02026378713471204
            ],
            [
                77,
                0.016297264260151927
            ],
            [
                31,
                0.016139335376236828
            ],
            [
                40,
                -0.015505661309439402
            ],
            [
                37,
                0.013142075176496905
            ],
            [
                29,
                -0.010002422756945862
            ]
        ],
        "num_features_from_lime_run": 20
    }
}