{
    "image_id": "tarnaveni 11-08",
    "prediction_id": "p8",
    "experiment_run_id_of_model": "20250612_234618_seed42",
    "image_user_source_path": "images/eugen2/tarnaveni 11-08.png",
    "probabilities": [
        0.035037484019994736,
        0.044223587960004807,
        0.07092343270778656,
        0.005839919205754995,
        0.4782077372074127,
        0.3278883099555969,
        0.03787960112094879
    ],
    "predicted_class_idx": 4,
    "predicted_class_name": "5_stratocumulus",
    "confidence": 0.4782077372074127,
    "top_k_predictions_for_plot": [
        [
            "5_stratocumulus",
            0.4782077372074127
        ],
        [
            "6_cumulonimbus",
            0.3278883099555969
        ],
        [
            "3_cirrus",
            0.07092343270778656
        ],
        [
            "2_altocumulus",
            0.044223587960004807
        ],
        [
            "7_mixed",
            0.03787960112094879
        ],
        [
            "1_cumulus",
            0.035037484019994736
        ],
        [
            "4_clearsky",
            0.005839919205754995
        ]
    ],
    "lime_explanation": {
        "explained_class_idx": 4,
        "explained_class_name": "5_stratocumulus",
        "feature_weights": [
            [
                41,
                0.0650421590910423
            ],
            [
                67,
                0.04382479405554542
            ],
            [
                120,
                -0.03657234422465435
            ],
            [
                137,
                -0.03139977613361863
            ],
            [
                54,
                -0.028733986219764127
            ],
            [
                6,
                0.027638525469977117
            ],
            [
                55,
                0.021703149933808823
            ],
            [
                76,
                0.02004328312570349
            ],
            [
                71,
                -0.015057868047587396
            ],
            [
                155,
                -0.0150315966986073
            ],
            [
                145,
                0.013654821942327613
            ],
            [
                72,
                -0.013583108125577502
            ],
            [
                160,
                -0.01112278161621989
            ],
            [
                163,
                0.010904169684431116
            ],
            [
                128,
                -0.009339681787108997
            ],
            [
                10,
                0.007762548695739718
            ],
            [
                93,
                0.007669784274105877
            ],
            [
                152,
                0.007569461517415649
            ],
            [
                48,
                0.0059676706628152025
            ],
            [
                114,
                -0.0011838082100940797
            ]
        ],
        "num_features_from_lime_run": 20
    }
}