{
    "image_id": "Brasov_19-05-2025_square",
    "prediction_id": "p3",
    "experiment_run_id_of_model": "20250612_202803_seed42",
    "image_user_source_path": "images/eugen/Brasov_19-05-2025_square.png",
    "probabilities": [
        0.056920744478702545,
        0.3211642801761627,
        0.0036549647338688374,
        0.10998725891113281,
        0.013366742990911007,
        0.06403577327728271,
        0.013066660612821579,
        0.018130922690033913,
        0.3183598518371582,
        0.018863962963223457,
        0.06244877353310585
    ],
    "predicted_class_idx": 1,
    "predicted_class_name": "As",
    "confidence": 0.3211642801761627,
    "top_k_predictions_for_plot": [
        [
            "As",
            0.3211642801761627
        ],
        [
            "Ns",
            0.3183598518371582
        ],
        [
            "Cc",
            0.10998725891113281
        ],
        [
            "Cs",
            0.06403577327728271
        ],
        [
            "St",
            0.06244877353310585
        ],
        [
            "Ac",
            0.056920744478702545
        ],
        [
            "Sc",
            0.018863962963223457
        ],
        [
            "Cu",
            0.018130922690033913
        ],
        [
            "Ci",
            0.013366742990911007
        ],
        [
            "Ct",
            0.013066660612821579
        ],
        [
            "Cb",
            0.0036549647338688374
        ]
    ],
    "lime_explanation": {
        "explained_class_idx": 1,
        "explained_class_name": "As",
        "feature_weights": [
            [
                6,
                0.031089186861040393
            ],
            [
                43,
                0.027045432710624956
            ],
            [
                118,
                -0.02689384744876708
            ],
            [
                42,
                0.026826212270062197
            ],
            [
                116,
                0.026121204633510784
            ],
            [
                2,
                0.023436423481156266
            ],
            [
                112,
                -0.022098310418795827
            ],
            [
                38,
                0.02146897822384623
            ],
            [
                7,
                0.018150872218802846
            ],
            [
                83,
                -0.015045545279346116
            ],
            [
                59,
                -0.014727092157289436
            ],
            [
                50,
                0.01416364928148795
            ],
            [
                9,
                0.014034875684588857
            ],
            [
                31,
                0.012438172943671156
            ],
            [
                110,
                -0.01177566314441101
            ],
            [
                14,
                0.010279760436601617
            ],
            [
                40,
                -0.008704073275702561
            ],
            [
                97,
                0.008344447108467191
            ],
            [
                0,
                -0.0046622797132130234
            ],
            [
                57,
                0.004022952915667457
            ]
        ],
        "num_features_from_lime_run": 20
    }
}