{
    "image_id": "Brasov_21-05-2025_square",
    "prediction_id": "p4",
    "experiment_run_id_of_model": "20250612_222849_seed42",
    "image_user_source_path": "images/eugen/Brasov_21-05-2025_square.jpg",
    "probabilities": [
        0.14939916133880615,
        0.00011180151341250166,
        0.14857712388038635,
        0.1587240844964981,
        0.014969488605856895,
        0.5282183289527893
    ],
    "predicted_class_idx": 5,
    "predicted_class_name": "F-Veil Clouds",
    "confidence": 0.5282183289527893,
    "top_k_predictions_for_plot": [
        [
            "F-Veil Clouds",
            0.5282183289527893
        ],
        [
            "D-Thick White Clouds",
            0.1587240844964981
        ],
        [
            "A-Clear Sky",
            0.14939916133880615
        ],
        [
            "C-Thin White Clouds",
            0.14857712388038635
        ],
        [
            "E-Thick Dark Clouds",
            0.014969488605856895
        ],
        [
            "B-Patterned Clouds",
            0.00011180151341250166
        ]
    ],
    "lime_explanation": {
        "explained_class_idx": 5,
        "explained_class_name": "F-Veil Clouds",
        "feature_weights": [
            [
                20,
                0.032528150801112925
            ],
            [
                110,
                0.03022922913137156
            ],
            [
                6,
                0.024763046797552504
            ],
            [
                64,
                0.02398211182845894
            ],
            [
                107,
                -0.02162943934553222
            ],
            [
                43,
                0.02102598922970483
            ],
            [
                70,
                0.019695288667171414
            ],
            [
                106,
                0.019087162994923804
            ],
            [
                26,
                0.01890072499655814
            ],
            [
                72,
                0.018823686862541242
            ],
            [
                16,
                0.018393088166053735
            ],
            [
                47,
                0.01817337591110594
            ],
            [
                99,
                0.017533291443873875
            ],
            [
                61,
                0.016919422098811934
            ],
            [
                92,
                0.01571603161785718
            ],
            [
                55,
                0.013455094922727106
            ],
            [
                77,
                -0.011968180400854801
            ],
            [
                22,
                -0.00721387900301481
            ],
            [
                14,
                0.005456755882831093
            ],
            [
                18,
                0.005170179452022708
            ]
        ],
        "num_features_from_lime_run": 20
    }
}