{
    "image_id": "Brasov_21-05-2025_square",
    "prediction_id": "p4",
    "experiment_run_id_of_model": "20250612_202803_seed42",
    "image_user_source_path": "images/eugen/Brasov_21-05-2025_square.jpg",
    "probabilities": [
        0.010057926177978516,
        0.04700507968664169,
        0.01913691870868206,
        0.03843988850712776,
        0.2670692503452301,
        0.3035825788974762,
        0.11598814278841019,
        0.07812833786010742,
        0.004960204008966684,
        0.028477534651756287,
        0.08715417981147766
    ],
    "predicted_class_idx": 5,
    "predicted_class_name": "Cs",
    "confidence": 0.3035825788974762,
    "top_k_predictions_for_plot": [
        [
            "Cs",
            0.3035825788974762
        ],
        [
            "Ci",
            0.2670692503452301
        ],
        [
            "Ct",
            0.11598814278841019
        ],
        [
            "St",
            0.08715417981147766
        ],
        [
            "Cu",
            0.07812833786010742
        ],
        [
            "As",
            0.04700507968664169
        ],
        [
            "Cc",
            0.03843988850712776
        ],
        [
            "Sc",
            0.028477534651756287
        ],
        [
            "Cb",
            0.01913691870868206
        ],
        [
            "Ac",
            0.010057926177978516
        ],
        [
            "Ns",
            0.004960204008966684
        ]
    ],
    "lime_explanation": {
        "explained_class_idx": 5,
        "explained_class_name": "Cs",
        "feature_weights": [
            [
                82,
                -0.03959871701751981
            ],
            [
                10,
                -0.03946286539047632
            ],
            [
                5,
                -0.03749014291235491
            ],
            [
                108,
                0.034303398644948205
            ],
            [
                104,
                -0.03346711100804529
            ],
            [
                105,
                -0.030844322479035614
            ],
            [
                4,
                0.030767422119472986
            ],
            [
                39,
                -0.030356472941372902
            ],
            [
                77,
                0.03001619672224073
            ],
            [
                90,
                0.029222516114056792
            ],
            [
                30,
                -0.028220544597337607
            ],
            [
                72,
                0.026680743345574114
            ],
            [
                52,
                -0.02624874273878226
            ],
            [
                24,
                -0.024153663963437565
            ],
            [
                50,
                0.022631591270404004
            ],
            [
                56,
                -0.0209713642997969
            ],
            [
                43,
                0.020810825354508823
            ],
            [
                71,
                -0.018366601246541034
            ],
            [
                38,
                0.012017036463462983
            ],
            [
                102,
                0.00642498196682464
            ]
        ],
        "num_features_from_lime_run": 20
    }
}