{
    "image_id": "Tarnaveni_05-05-2025",
    "prediction_id": "p5",
    "experiment_run_id_of_model": "20250612_202803_seed42",
    "image_user_source_path": "images/eugen/Tarnaveni_05-05-2025.jpg",
    "probabilities": [
        0.027486542239785194,
        0.17025697231292725,
        0.12504874169826508,
        0.0471700020134449,
        0.05920298025012016,
        0.24820055067539215,
        0.12311692535877228,
        0.04907877370715141,
        0.054728176444768906,
        0.030445367097854614,
        0.06526491045951843
    ],
    "predicted_class_idx": 5,
    "predicted_class_name": "Cs",
    "confidence": 0.24820055067539215,
    "top_k_predictions_for_plot": [
        [
            "Cs",
            0.24820055067539215
        ],
        [
            "As",
            0.17025697231292725
        ],
        [
            "Cb",
            0.12504874169826508
        ],
        [
            "Ct",
            0.12311692535877228
        ],
        [
            "St",
            0.06526491045951843
        ],
        [
            "Ci",
            0.05920298025012016
        ],
        [
            "Ns",
            0.054728176444768906
        ],
        [
            "Cu",
            0.04907877370715141
        ],
        [
            "Cc",
            0.0471700020134449
        ],
        [
            "Sc",
            0.030445367097854614
        ],
        [
            "Ac",
            0.027486542239785194
        ]
    ],
    "lime_explanation": {
        "explained_class_idx": 5,
        "explained_class_name": "Cs",
        "feature_weights": [
            [
                117,
                -0.04325231342225048
            ],
            [
                111,
                -0.03985070155456011
            ],
            [
                17,
                -0.03341189301125529
            ],
            [
                62,
                -0.03328803648413511
            ],
            [
                76,
                0.030994986079136755
            ],
            [
                82,
                -0.028134455771050247
            ],
            [
                32,
                0.02717538968351506
            ],
            [
                110,
                -0.02646899441291871
            ],
            [
                1,
                0.025689488048634183
            ],
            [
                64,
                0.024987596467642936
            ],
            [
                60,
                0.02470061355654238
            ],
            [
                61,
                0.023572232626368563
            ],
            [
                31,
                0.022899941794531673
            ],
            [
                75,
                0.022636723605463857
            ],
            [
                101,
                -0.01878304276680408
            ],
            [
                24,
                0.018069774430395674
            ],
            [
                38,
                -0.015756520728199375
            ],
            [
                44,
                0.014954890586258996
            ],
            [
                128,
                -0.013294752568717297
            ],
            [
                69,
                0.012617612770259305
            ]
        ],
        "num_features_from_lime_run": 20
    }
}