{
    "image_id": "Tarnaveni_09-05-2025_square2",
    "prediction_id": "p7",
    "experiment_run_id_of_model": "20250612_202803_seed42",
    "image_user_source_path": "images/eugen/Tarnaveni_09-05-2025_square2.jpg",
    "probabilities": [
        0.15284550189971924,
        0.17964260280132294,
        0.0044007753022015095,
        0.195245623588562,
        0.0329471193253994,
        0.09054868668317795,
        0.01468584593385458,
        0.020122788846492767,
        0.12337394058704376,
        0.06630370020866394,
        0.11988341063261032
    ],
    "predicted_class_idx": 3,
    "predicted_class_name": "Cc",
    "confidence": 0.195245623588562,
    "top_k_predictions_for_plot": [
        [
            "Cc",
            0.195245623588562
        ],
        [
            "As",
            0.17964260280132294
        ],
        [
            "Ac",
            0.15284550189971924
        ],
        [
            "Ns",
            0.12337394058704376
        ],
        [
            "St",
            0.11988341063261032
        ],
        [
            "Cs",
            0.09054868668317795
        ],
        [
            "Sc",
            0.06630370020866394
        ],
        [
            "Ci",
            0.0329471193253994
        ],
        [
            "Cu",
            0.020122788846492767
        ],
        [
            "Ct",
            0.01468584593385458
        ],
        [
            "Cb",
            0.0044007753022015095
        ]
    ],
    "lime_explanation": {
        "explained_class_idx": 3,
        "explained_class_name": "Cc",
        "feature_weights": [
            [
                4,
                0.057987774239172674
            ],
            [
                24,
                0.03330675657816783
            ],
            [
                17,
                -0.026421752197909848
            ],
            [
                5,
                0.025037786415882397
            ],
            [
                120,
                0.022103588119876977
            ],
            [
                10,
                0.021064581214065188
            ],
            [
                114,
                0.0208978368485465
            ],
            [
                35,
                -0.018967586680423785
            ],
            [
                74,
                -0.01831016064713839
            ],
            [
                41,
                0.017686934452358062
            ],
            [
                72,
                0.01638968510346708
            ],
            [
                9,
                0.014972126391841926
            ],
            [
                73,
                -0.013909887893577222
            ],
            [
                102,
                0.013647883268768805
            ],
            [
                90,
                -0.011967092111188194
            ],
            [
                85,
                -0.007579777713330955
            ],
            [
                18,
                0.006148597714930287
            ],
            [
                101,
                0.005801344829454164
            ],
            [
                1,
                -0.004101933845683036
            ],
            [
                57,
                -0.003954830262338145
            ]
        ],
        "num_features_from_lime_run": 20
    }
}