{
    "image_id": "Tarnaveni_09-05-2025_square2",
    "prediction_id": "p7",
    "experiment_run_id_of_model": "20250612_222849_seed42",
    "image_user_source_path": "images/eugen/Tarnaveni_09-05-2025_square2.jpg",
    "probabilities": [
        0.00023364329535979778,
        0.00041305460035800934,
        0.0019556854385882616,
        0.08792685717344284,
        0.0017232631798833609,
        0.9077475070953369
    ],
    "predicted_class_idx": 5,
    "predicted_class_name": "F-Veil Clouds",
    "confidence": 0.9077475070953369,
    "top_k_predictions_for_plot": [
        [
            "F-Veil Clouds",
            0.9077475070953369
        ],
        [
            "D-Thick White Clouds",
            0.08792685717344284
        ],
        [
            "C-Thin White Clouds",
            0.0019556854385882616
        ],
        [
            "E-Thick Dark Clouds",
            0.0017232631798833609
        ],
        [
            "B-Patterned Clouds",
            0.00041305460035800934
        ],
        [
            "A-Clear Sky",
            0.00023364329535979778
        ]
    ],
    "lime_explanation": {
        "explained_class_idx": 5,
        "explained_class_name": "F-Veil Clouds",
        "feature_weights": [
            [
                63,
                0.09454934039451844
            ],
            [
                21,
                0.08617763433704005
            ],
            [
                0,
                0.08007816617762002
            ],
            [
                56,
                0.07930042429867182
            ],
            [
                65,
                -0.055026055501122856
            ],
            [
                18,
                -0.05242519489808175
            ],
            [
                2,
                0.05242455896020771
            ],
            [
                67,
                0.05092610501960635
            ],
            [
                82,
                0.04847450196861178
            ],
            [
                118,
                0.04376363929482663
            ],
            [
                7,
                -0.04117832822868459
            ],
            [
                123,
                0.04068125737182617
            ],
            [
                50,
                0.033958073907723485
            ],
            [
                85,
                0.03386050197759997
            ],
            [
                97,
                0.033082017551311
            ],
            [
                103,
                -0.028251717210723164
            ],
            [
                80,
                -0.02717975945953442
            ],
            [
                13,
                0.022710271155082062
            ],
            [
                43,
                0.016059220427998636
            ],
            [
                37,
                0.006826816456865371
            ]
        ],
        "num_features_from_lime_run": 20
    }
}