{
    "image_id": "tarnaveni 21-08-2025",
    "prediction_id": "p10",
    "experiment_run_id_of_model": "20250612_234618_seed42",
    "image_user_source_path": "images/eugen2/tarnaveni 21-08-2025.png",
    "probabilities": [
        0.08593515306711197,
        0.44868865609169006,
        0.2218674123287201,
        0.0018150040414184332,
        0.005692990496754646,
        0.0008276446023955941,
        0.23517319560050964
    ],
    "predicted_class_idx": 1,
    "predicted_class_name": "2_altocumulus",
    "confidence": 0.44868865609169006,
    "top_k_predictions_for_plot": [
        [
            "2_altocumulus",
            0.44868865609169006
        ],
        [
            "7_mixed",
            0.23517319560050964
        ],
        [
            "3_cirrus",
            0.2218674123287201
        ],
        [
            "1_cumulus",
            0.08593515306711197
        ],
        [
            "5_stratocumulus",
            0.005692990496754646
        ],
        [
            "4_clearsky",
            0.0018150040414184332
        ],
        [
            "6_cumulonimbus",
            0.0008276446023955941
        ]
    ],
    "lime_explanation": {
        "explained_class_idx": 1,
        "explained_class_name": "2_altocumulus",
        "feature_weights": [
            [
                37,
                0.014712257759515316
            ],
            [
                93,
                0.014452011867714084
            ],
            [
                81,
                0.01443638594889624
            ],
            [
                78,
                0.014057828745882751
            ],
            [
                98,
                0.013129284580264267
            ],
            [
                92,
                0.01308006041568783
            ],
            [
                85,
                0.012895631628487784
            ],
            [
                90,
                0.012889807243542313
            ],
            [
                109,
                0.012878721948546074
            ],
            [
                23,
                0.012516394089477283
            ],
            [
                10,
                0.012463248419978971
            ],
            [
                114,
                0.012021574765064009
            ],
            [
                57,
                0.011334343066656021
            ],
            [
                20,
                0.007638515103390711
            ],
            [
                7,
                0.007153106270159235
            ],
            [
                120,
                0.006180245486485121
            ],
            [
                45,
                0.005122036579152209
            ],
            [
                105,
                0.0037831680174949733
            ],
            [
                40,
                0.002436119753475613
            ],
            [
                34,
                -0.001806428008963041
            ]
        ],
        "num_features_from_lime_run": 20
    }
}